{"real": [-3.140433950502304, -4.5480660339496435, -3.350805369459514, -4.332349335861764, -3.5853827336658], "random": [-4.517540064019397, -3.6742386869863486, -3.7608170004291366, -3.6504768394513145, -4.234566944541341]}