{"real": [-3.140433950502304, -4.5480660339496435, -3.350805369459514, -4.332349335861764, -3.5853827336658], "random": [-3.612534795199253, -3.864171528014573, -3.483182120855585, -4.332349335861764, -4.234566944541341]}