{"real": [-3.140434133474305, -4.548066220134134, -3.350806446966436, -4.33234971907733, -3.5853819265080094], "random": [-3.8360258578728588, -4.548066220134134, -4.375584278844889, -3.65047613692228, -3.117973615436458]}